Post_URL,Comments,Retweets,Likes,Views,Bookmarks,Account Followers,Flagged,Video,Username,Display Name,Account Name,Tweet Text,Replies,Timestamp,Has Video,Has Image,Has Media,Followers,Account Created,Is Retweet,Language,Scraped At,Status
https://x.com/jacksonhinklle/status/1714660808821538841,,17313,71162,4300000,678,,,,jacksonhinklle,Jackson Hinkle ,Jackson Hinkle ," Turkish President Erdogan has THREATENED to intervene in the Israeli war on Gaza:

“I call on all humanity to take action to stop this unprecedented brutality in the Gaza Strip. If not, we will do it.”",4432,2023-10-18T15:12:48.000Z,0,False,False,3600000,July 2019,False,,2025-11-19T13:00:34.842940,success
https://x.com/jacksonhinklle/status/1722632953745002776,,20347,38871,1700000,1072,,,,jacksonhinklle,Jackson Hinkle ,Jackson Hinkle ," ISRAEL ADMITS they fired on their OWN CIVILIANS with APACHE ATTACK HELICOPTERS!

“There was huge difficulty in distinguishing terrorists & civilians. The rate of fire was tremendous & only later did the pilots begin carefully selecting targets.”",1793,2023-11-09T15:11:15.000Z,1,False,True,3600000,July 2019,False,,2025-11-19T13:00:52.565774,success
https://x.com/ShadowofEzra/status/1722849062557294954,,520,788,69200,61,,,,ShadowofEzra,Shadow of Ezra,Shadow of Ezra,Israel has admitted apache helicopters fired on their own civilians running from the Supernova music festival.,61,2023-11-10T05:30:00.000Z,1,False,True,829200,December 2022,False,,2025-11-19T13:01:06.761396,success
https://x.com/Partisangirl/status/1722527493780021654,,91881,121556,30500000,24178,,,,Partisangirl,Syrian Girl,Syrian Girl,"BREAKING:  Israel admits apache helicopters fired on their own civilians running from the Supernova music festival. 

“The pilots realised that there was tremendous difficulty in distinguishing within the occupied outposts and settlements who was a terrorist and who was a soldier or civilian… The rate of fire against the thousands of terrorists was tremendous at first, and only at a certain point did the pilots begin to slow down the attacks and carefully select the targets.”
middleeastmonitor.com/20231030-repor
…
archive.is/IIOLg",5830,2023-11-09T08:12:12.000Z,1,False,True,526900,June 2011,False,,2025-11-19T13:01:21.322662,success
https://x.com/swilkinsonbc/status/1722581845638885624,,2265,2852,166100,160,,,,swilkinsonbc,Sarah Wilkinson,Sarah Wilkinson,"The Hannibal Directive? Israeli Apache helicopters bomb their own citizens during the rave festival on 7th October | via 
@rifain_nouvelle",173,2023-11-09T11:48:10.000Z,1,False,True,361900,November 2015,False,,2025-11-19T13:01:36.709045,success
https://x.com/dom_lucre/status/1716548851706823133,,1005,3154,799600,95,,,,dom_lucre,Dom Lucre | Breaker of Narratives,Dom Lucre | Breaker of Narratives,BREAKING NEWS: U.S. troops occupying Syria’s Al-Omar oil field were allegedly just attacked.,420,2023-10-23T20:15:12.000Z,0,False,False,1600000,March 2015,False,,2025-11-19T13:01:51.575815,success
https://x.com/dom_lucre/status/1711962441259594042,,5387,11631,2600000,1050,,,,dom_lucre,Dom Lucre | Breaker of Narratives,Dom Lucre | Breaker of Narratives,DEVELOPING: CNN got caught faking an attack from Hamas in Israel.,1380,2023-10-11T04:30:27.000Z,1,False,True,1600000,March 2015,False,,2025-11-19T13:02:06.527466,success
https://x.com/ShaykhSulaiman/status/1711958497141612801,,15115,31069,4300000,2276,,,,ShaykhSulaiman,Sulaiman Ahmed,Sulaiman Ahmed,CNN EXPOSED FOR FAKING AN ATTACK IN ISRAEL,1962,2023-10-11T04:14:47.000Z,1,False,True,757800,March 2013,False,,2025-11-19T13:02:20.962618,success
https://x.com/DrLoupis/status/1712906693384736777,,5263,11594,1100000,346,,,,DrLoupis,Dr. Anastasia Maria Loupis,Dr. Anastasia Maria Loupis,"CNN FAKING an Hamas attack 
x.com/hdwikat/status
…",1125,2023-10-13T19:02:34.000Z,0,False,False,1300000,October 2021,False,,2025-11-19T13:02:35.887420,success
https://x.com/dom_lucre/status/1713641810667442388,,1237,5616,438300,56,,,,dom_lucre,Dom Lucre | Breaker of Narratives,Dom Lucre | Breaker of Narratives,There is a massive rally in Poland in support of Israel.,628,2023-10-15T19:43:40.000Z,1,False,True,1600000,March 2015,False,,2025-11-19T13:02:52.437931,success
https://x.com/ShaykhSulaiman/status/1725446177813110837,,1298,2540,45100,71,,,,ShaykhSulaiman,Sulaiman Ahmed,Sulaiman Ahmed,CNN REPORTER V 16 YEAR OLD PALESTINIAN CHILD,87,2023-11-17T09:30:00.000Z,1,False,True,757800,March 2013,False,,2025-11-19T13:03:07.788338,success
https://x.com/ShaykhSulaiman/status/1714919311729414308,,923,2955,115500,36,,,,ShaykhSulaiman,Sulaiman Ahmed,Sulaiman Ahmed,"TURKISH PRESIDENT ERDOGAN HAS THREATENED TO INTERVENE TO STOP THE GENOCIDE OF PALESTINIAN

“I call on all humanity to take action to stop this unprecedented brutality in the Gaza Strip. If not, we will do it.”",375,2023-10-19T08:20:00.000Z,0,False,False,757800,March 2013,False,,2025-11-19T13:03:21.745198,success
https://x.com/DrLoupis/status/1714920741328580852,,26947,69941,9000000,1256,,,,DrLoupis,Dr. Anastasia Maria Loupis,Dr. Anastasia Maria Loupis,"TURKISH PRESIDENT ERDOGAN HAS THREATENED TO INTERVENE TO STOP THE GENOCIDE OF PALESTINIAN

“I call on all humanity to take action to stop this unprecedented brutality in the Gaza Strip. If not, we will do it.”

Here is a picture of Erdogan showing how Israel has grabbed the Palistinians’ land since 1948. All there is left is the open air prisons of Gaza and West Bank which is currently being bombed to shreds - ETHNIC CLEANSING of the Palestinian people. 

H/t 
@ShaykhSulaiman",4688,2023-10-19T08:25:41.000Z,0,False,False,1300000,October 2021,False,,2025-11-19T13:03:36.501155,success
https://x.com/YosephHaddad/status/1718859336716353701,,,,,,,,,YosephHaddad,יוסף חדאד - Yoseph Haddad,יוסף חדאד - Yoseph Haddad,,,,0,False,False,315300,September 2018,False,,2025-11-19T13:03:53.188774,success
https://x.com/YosephHaddad/status/1723794158379249787,,,,,,,,,YosephHaddad,יוסף חדאד - Yoseph Haddad,יוסף חדאד - Yoseph Haddad,,,,0,False,False,315300,September 2018,False,,2025-11-19T13:04:22.787467,success
https://x.com/ShadowofEzra/status/1711803620503539940,,1189,2809,156600,101,,,,ShadowofEzra,Shadow of Ezra,Shadow of Ezra,"John Kirby starts crying live on CNN.

Need more proof it was a false flag?",484,2023-10-10T17:59:21.000Z,1,False,True,829200,December 2022,False,,2025-11-19T13:04:52.543264,success
https://twitter.com/YosephHaddad/status/1712920308267491393,,,,,,,,,,,,,,,0,False,False,,,False,,2025-11-19T13:05:06.784023,success
https://twitter.com/YosephHaddad/status/1723794158379249787,,,,,,,,,,,,,,,0,False,False,,,False,,2025-11-19T13:05:30.864221,success
7 https://twitter.com/YosephHaddad/status/1718859336716353701,,,,,,,,,,,,,,,0,False,False,,,False,,2025-11-19T13:05:54.659626,"error: Message: invalid argument
  (Session info: chrome="
https://twitter.com/ShadowofEzra/status/1710678453920415891?s=20,,3851,7642,1100000,1053,,,,,,,"Here is your confirmation that the events taking place in Israel are a false flag.

How stupid can you be to believe that Hamas has the ability to invade Israel by land, air and sea?

What happened to the Iron Dome?

Israel is one of the most protected and well funded nations in the world. 

There is no chance that cavemen invaded them by land, air and sea.

They either let it happen or they made it happen.",793,2023-10-07T15:28:20.000Z,1,False,True,,,False,,2025-11-19T13:05:56.669709,success
https://x.com/HananyaNaftali/status/1724806006767812772,,1657,7437,234600,50,,,,HananyaNaftali,Hananya Naftali,Hananya Naftali,Israeli army destroyed the Hamas parliament in Gaza.,1030,2023-11-15T15:06:12.000Z,1,False,True,519500,June 2012,False,,2025-11-19T13:06:07.001235,success
https://x.com/ofirgendelman/status/1724798142728831242,,,,,,,,,ofirgendelman,Ofir Gendelman,Ofir Gendelman,,,,0,False,False,105700,April 2011,False,,2025-11-19T13:06:22.527420,success
https://x.com/emilykschrader/status/1724790025496522910,,153,836,36400,9,,,,emilykschrader,Emily Schrader - אמילי שריידר امیلی شریدر,Emily Schrader - אמילי שריידר امیلی شریدر,"3, 2, 1… 
IDF  takes out the Gaza Parliament building",68,2023-11-15T14:02:41.000Z,1,False,True,194500,January 2012,False,,2025-11-19T13:06:53.307861,success
https://x.com/kann_news/status/1724786259464499253,,85,438,167600,10,,,,kann_news,כאן חדשות,כאן חדשות,"יומיים אחרי שחיילי גולני הצטלמו בו: צה""ל פוצץ את בניין הפרלמנט של חמאס בעזה | תיעוד
@roysharon11",50,2023-11-15T13:47:43.000Z,1,False,True,347300,April 2017,False,,2025-11-19T13:07:08.900623,success
https://x.com/L_ThinkTank/status/1724808309545562160,,345,1375,661100,53,,,,L_ThinkTank,Little Think Tank,Little Think Tank,"[  ISRAËL |  PALESTINE ]

L'armée israélienne a fait exploser le bâtiment du Parlement dans la ville de Gaza. Il y a quelques jours les soldats de Tsahal s'étaient pris en photo à l'intérieur du bâtiment.",159,2023-11-15T15:15:21.000Z,1,False,True,361500,February 2020,False,,2025-11-19T13:07:24.827164,success
https://x.com/HananyaNaftali/status/1717602451769967043,,4073,8893,1800000,226,,,,HananyaNaftali,Hananya Naftali,Hananya Naftali,"Palestinian blogger “miraculously” healed in one day from ""Israeli bombing"".

Yesterday, he was “hospitalized,” today, he is walking and walking like nothing happened.

I don't watch Netflix because Pallywood propaganda is the actual comedy.",3066,2023-10-26T18:01:50.000Z,1,False,True,519500,June 2012,False,,2025-11-19T13:07:40.655008,success
https://x.com/HananyaNaftali/status/1718526837171896527,,1114,4571,512000,89,,,,HananyaNaftali,Hananya Naftali,Hananya Naftali,Pro-Hamas Turkish protester holds the fireworks the wrong way...,1339,2023-10-29T07:15:01.000Z,1,False,True,519500,June 2012,False,,2025-11-19T13:07:55.649172,success
https://x.com/DrLoupis/status/1713948122466959844,,2203,3402,274700,108,,,,DrLoupis,Dr. Anastasia Maria Loupis,Dr. Anastasia Maria Loupis,"Israeli soldier Betzalel Taljah told 
@CNN
 that ""the war is not just with Hamas, the war [is] with all the civilians."" ",540,2023-10-16T16:00:50.000Z,1,False,True,1300000,October 2021,False,,2025-11-19T13:08:11.026278,success
https://x.com/Partisangirl/status/1719466582332887051,,733,3046,199700,64,,,,Partisangirl,Syrian Girl,Syrian Girl,"Yemen has just declared war on Israel.
Hezbollah next?",466,2023-10-31T21:29:14.000Z,1,False,True,526900,June 2011,False,,2025-11-19T13:08:23.967101,success
https://x.com/swilkinsonbc/status/1719419462808453199,,412,1261,106000,12,,,,swilkinsonbc,Sarah Wilkinson,Sarah Wilkinson,Yemen declares war on the israeli regime: finally! a nation with a backbone crashes onto the scene to avenge the #GazaGenocide,78,2023-10-31T18:21:59.000Z,1,False,True,361900,November 2015,False,,2025-11-19T13:08:39.298300,success
https://x.com/swilkinsonbc/status/1716731456158842908,,3174,7649,724500,175,,,,swilkinsonbc,Sarah Wilkinson,Sarah Wilkinson,Turkey moves a warship towards Gaza to defend Palestinian civilians against the ongoing israeli genocide #GazaGenocide #ArmiesToGaza,760,2023-10-24T08:20:49.000Z,1,False,True,361900,November 2015,False,,2025-11-19T13:08:55.176879,success
https://x.com/jacksonhinklle/status/1723775743216193943,,9366,30250,1200000,122,,,,jacksonhinklle,Jackson Hinkle ,Jackson Hinkle , You CANNOT BREAK the Palestinian spirit.,1307,2023-11-12T18:52:18.000Z,0,False,False,3600000,July 2019,False,,2025-11-19T13:09:11.306016,success
https://x.com/ahmedhijazee/status/1723777368748077172,,954,3121,97900,26,,,,ahmedhijazee,أحمد حجازي Ahmed Hijazi 𓂆,أحمد حجازي Ahmed Hijazi 𓂆, You can’t Break the Palestinian spirit.,76,2023-11-12T18:58:45.000Z,0,False,False,221600,July 2018,False,,2025-11-19T13:09:26.646872,success
https://x.com/haseebfud/status/1978107195725111410,,0,0,97,0,,,,haseebfud,haseeB,haseeB,JUST IN #Netanyahu and Shehbaz handshake signals Israel’s move to weaken the Iran-India-China-Russia alliance in the Middle East.,0,2025-10-14T14:34:41.000Z,0,False,False,1175,September 2023,False,,2025-11-19T13:09:40.888320,success
https://x.com/Palestinedaily1/status/1979279878143852697,,531,939,14400,68,,,,Palestinedaily1,Palestine Daily News ,Palestine Daily News ,"An Israeli prisoner in Gaza
Alexander Turbanov, gave a surprising statement from occupied Israel upon his return:

“Your kindness will forever be etched on my soul.
I spent 498 days among you.
Despite the oppression and aggression you endured,
I learned from you the true meaning of manhood, pure bravery, humanity, and respect for values.
Even in captivity, you were free,
while I, being free, was a prisoner.
You protected my life.
Like a father treats his sons with love,
you cared for my dignity, health, and honor.

Though I was in the hands of people fighting for their land and stolen freedom,
and while my government was committing the worst genocide against a besieged nation,
you neither starved me nor humiliated me.

I saw the real meaning of manhood in your eyes.
I understood the value of sacrifice by living among you.
I saw you smiling even in the face of death,
against an enemy armed with weapons of mass destruction,
while you had nothing but your own bodies.

Even if I tried, I couldn’t find the words
to truly express your worth and status,
or to reflect my astonishment and admiration for your noble character.

Does your faith really teach you to treat prisoners this way?
How great is that belief
that raises you to such a level
where all man-made laws of human rights fall apart,
and all protocols of war pale in comparison to your example.

Even in the harshest of times, your justice and mercy stood out —
not just as slogans,
but in your actual behavior.
You never compromised on your principles,
no matter how dark the circumstances were.

Believe me, if I ever return,
I will live among you as a dedicated student,
because I have learned the truth from your people.
I have realized that you are not just the owners of the land,
but the owners of principles and justice.”",42,2025-10-17T20:14:30.000Z,0,False,False,56400,March 2019,False,,2025-11-19T13:09:55.487499,success
https://x.com/HashTayeh/status/1978980015246315704,,18052,47756,2100000,6542,,,,HashTayeh,Hash Tayeh,Hash Tayeh,"An Israeli prisoner in Gaza
Alexander Turbanov, gave a surprising statement from occupied Israel upon his return:

“Your kindness will forever be etched on my soul.
I spent 498 days among you.
Despite the oppression and aggression you endured,
I learned from you the true meaning of manhood, pure bravery, humanity, and respect for values.
Even in captivity, you were free,
while I, being free, was a prisoner.
You protected my life.
Like a father treats his sons with love,
you cared for my dignity, health, and honor.

Though I was in the hands of people fighting for their land and stolen freedom,
and while my government was committing the worst genocide against a besieged nation,
you neither starved me nor humiliated me.

I saw the real meaning of manhood in your eyes.
I understood the value of sacrifice by living among you.
I saw you smiling even in the face of death,
against an enemy armed with weapons of mass destruction,
while you had nothing but your own bodies.

Even if I tried, I couldn’t find the words
to truly express your worth and status,
or to reflect my astonishment and admiration for your noble character.

Does your faith really teach you to treat prisoners this way?
How great is that belief
that raises you to such a level
where all man-made laws of human rights fall apart,
and all protocols of war pale in comparison to your example.

Even in the harshest of times, your justice and mercy stood out —
not just as slogans,
but in your actual behavior.
You never compromised on your principles,
no matter how dark the circumstances were.

Believe me, if I ever return,
I will live among you as a dedicated student,
because I have learned the truth from your people.
I have realized that you are not just the owners of the land,
but the owners of principles and justice.”",1745,2025-10-17T00:22:57.000Z,0,False,False,4098,November 2023,False,,2025-11-19T13:10:09.076591,success
https://x.com/qtf/status/1979261416721838543,,4,18,3598,2,,,,qtf,Fernanda Familiar,Fernanda Familiar,"Lean el conmovedor y poderoso mensaje de un prisionero israelí, Alexander Turbanov, que salió liberado: 
""I understood the value of sacrifice by living among you.
I saw you smiling even in the face of death, against an enemy armed with weapons of mass destruction,
while you had nothing but your own bodies.
Even if I tried, I couldn’t find the words to truly express your worth and status, or to reflect my astonishment and admiration for your noble character.
Does your faith really teach you to treat prisoners this way?
How great is that belief that raises you to such a level where all man-made laws of human rights fall apart, and all protocols of war pale in comparison to your example.
Even in the harshest of times, your justice and mercy stood out— not just as slogans, but in your actual behavior.
You never compromised on your principles, no matter how dark the circumstances were.
Believe me, if I ever return, I will live among you as a dedicated student, because I have learned the truth from your people.
I have realized that you are not just the owners of the land, but the owners of principles and justice.""",3,2025-10-17T19:01:09.000Z,0,False,False,957000,March 2009,False,,2025-11-19T13:10:24.654029,success
https://x.com/Alyi12341/status/1979224854147616789,,15,80,1462,1,,,,Alyi12341,هــــــارون الرازحــي #انصار_الله #اليمن,هــــــارون الرازحــي #انصار_الله #اليمن," أسيرٌ صهيوني في #غزة  ألكسندر توربانوف،  بعد عودته من الأسر:

“إن إنسانيتكم ستبقى منقوشة في قلبي إلى الأبد 
قضيت بينكم 498 يومًا، ورغم ما تعرضتم له من ظلمٍ وعدوان، تعلّمت منكم المعنى الحقيقي للرجولة، والشجاعة الخالصة، والإنسانية، واحترام القيم.",3,2025-10-17T16:35:52.000Z,0,False,False,13200,June 2021,False,,2025-11-19T13:10:40.742106,success
https://x.com/MuhammaddNawaz/status/1968743109392502916,,283,1045,41500,35,,,,MuhammaddNawaz,Muhammad Nawaz Khan,Muhammad Nawaz Khan,پاکستان زخمی بھیڑیے کی طرح تمہاری ایک غلطی کے انتظار میں بیٹا ہے مارک روبیو کا اسرائیلی وزیراعظم کو انتباہ,107,2025-09-18T18:25:09.000Z,0,False,False,139800,December 2017,False,,2025-11-19T13:10:55.426532,success
https://x.com/sohbunshu/status/1971442444937069035,,151,294,10300,13,,,,sohbunshu,宋　文洲,宋　文洲,"米国とイスラエルはテロ国家

イスラエル首相にご飯を作ることを拒否したため逮捕された
ニューヨークのホテル従業員達",20,2025-09-26T05:11:21.000Z,1,False,True,213100,February 2010,False,,2025-11-19T13:11:09.719562,success
https://x.com/yanwenfa/status/1971552724828500179,,75,586,144100,38,,,,yanwenfa,edward yanwenfa,edward yanwenfa,"美国才是世界上最大的恐怖威权主义国家，酒店员工不给内塔尼亚胡做饭都会被抓。

美国越来越高压恐怖，事实上的威权国家，言论管制国家，以色列的儿子国",146,2025-09-25T21:32:29.000Z,1,False,True,1061,March 2009,False,,2025-11-19T13:11:24.656548,success
https://x.com/Snofy8/status/1971476434939257080,,20,129,10900,6,,,,Snofy8,豫章信使,豫章信使,"内塔尼亚胡访美，酒店员工因拒绝为其提供餐饮服务竟被抓？

美式“民主”变味成高压恐怖，言论管制，以色列“干爹”护犊子！这哪是自由灯塔，分明是威权暴政！",23,2025-09-26T07:26:25.000Z,1,False,True,74500,December 2022,False,,2025-11-19T13:11:40.433971,success
https://x.com/HunterYu126194/status/1970390219099983886,,0,0,25,0,,,,HunterYu126194,牛仔,牛仔,近日，两名美国飞行员因拒绝驾驶武装飞机前往以色列被捕，其中一人在五角大楼被捕时高喊“美国是大屠杀同谋”，指控美国政府资助轰炸并纵容对儿童的屠杀。‌‌,0,2025-09-23T07:30:10.000Z,1,False,True,344,September 2023,False,,2025-11-19T13:11:56.212744,success
https://x.com/yayamankhn35796/status/1963835297466036525,,2,4,472,0,,,,yayamankhn35796,yahya mk. ,yahya mk. ,"[ด่วน 

ชาวเยเมนโจมตี ""เรือใหม่"" ในทะเลแดงด้วยการกำหนดเป้าหมายอย่างแม่นยำ จนเรือลำดังกล่าวถูกไฟไหม้",0,2025-09-05T05:23:15.000Z,0,False,False,1176,July 2023,False,,2025-11-19T13:12:11.809743,success
https://x.com/DailyIranNews/status/1963819526069289126,,1171,7326,101300,78,,,,DailyIranNews,Daily Iran News,Daily Iran News,"Urgent

Yemeni attack on a ""new ship"" in the Red Sea with precise targeting, setting it ablaze.",111,2025-09-05T04:20:35.000Z,0,False,False,214600,December 2020,False,,2025-11-19T13:12:26.429513,success
https://x.com/ararsoabdull/status/1973507273139036300,,1,2,74,0,,,,ararsoabdull,Ararso Abdulatif,Ararso Abdulatif,#FreePalestine,0,2025-10-01T21:56:14.000Z,1,False,True,4954,March 2019,False,,2025-11-19T13:12:41.187203,success
https://x.com/luizmarinhopt/status/1973054903607071036,,6,17,586,0,,,,luizmarinhopt,Luiz Marinho,Luiz Marinho,"Uma flotilha com representantes de 44 países leva ajuda humanitária a Gaza.
Um gesto de união e solidariedade que mostra: quando os povos se juntam por um bem maior, a esperança navega mais forte que qualquer bloqueio.",4,2025-09-30T15:58:41.000Z,1,False,True,23900,May 2010,False,,2025-11-19T13:12:55.924534,success
https://x.com/dany_dubd/status/1966989805608464652,,1054,4331,114000,78,,,,dany_dubd,Dubd ,Dubd ,"Chargez 
#FreedomFlotilla",522,2025-09-13T22:18:09.000Z,1,False,True,6465,January 2024,False,,2025-11-19T13:13:10.228893,success
x.com/mynewshub/status/1949171630263116157,,8,19,1834,1,,,,jpsin1,Jitendra pratap singh,Jitendra pratap singh,"A Swedish NGO is taking people from Gaza to Sweden.

They will be settled in Sweden. 

The interesting thing is that there is no girl from Gaza in the plane.

 Swedes should think that to  whom will these young men marry?

It is obvious that these people will convert Swedish Christian girls and marry them.

 Sweden is already struggling with Islamic riots

 Riots are breaking out in many cities

 but Still the Swedes are not coming to their senses",0,2025-07-15T15:19:49.000Z,1,False,True,113300,March 2012,False,,2025-11-19T13:13:23.616400,success
https://x.com/jpsin1/status/1945141257346617699,,580,1209,67800,19,,,,jpsin1,Jitendra pratap singh,Jitendra pratap singh,"गाजा से स्वीडन की एक एनजीओ गाजा  के लोगों को स्वीडन लेकर जा रही है 

जिन्हें स्वीडन में बसाया जाएगा 

मजे की बात यह की प्लेन में कोई भी गाजा की लड़की नहीं है 

स्वीडन वालो को यह सोचना चाहिए कि यह जो युवक हैं फिर यह अपनी शादी  किससे करेंगे ?

जाहिर सी बात है क्रिश्चियन स्वीडिश  लड़कियों को कन्वर्ट करके उनसे करेंगे 

स्वीडन पहले से ही इस्लामिक दंगो से जूझ रहा है

 कई शहरों में दंगे भड़क रहे हैं मगर 

फिर भी स्वीडन वालों को अकल नहीं आ रही",153,2025-07-15T15:20:08.000Z,1,False,True,113300,March 2012,False,,2025-11-19T13:13:37.686366,success
https://x.com/jpsin1/status/1945141338217062624,,53,249,7604,10,,,,jpsin1,Jitendra pratap singh,Jitendra pratap singh,ईरान के वार हेड के गोदाम पर इजरायल ने जब बम गिराया तब वहां रखे हजारों वार हेड में जब ब्लास्ट हुआ तब ठीक उसी तरह का फायर मशरूम बना जैसे न्यूक्लियर ब्लास्ट के समय बनता है,4,2025-06-13T18:43:09.000Z,1,False,True,113300,March 2012,False,,2025-11-19T13:13:52.123471,success
https://x.com/jpsin1/status/1933596017699766590,,0,0,149,0,,,,ChilenoenIsrael,Chileno en Israel -  - ,Chileno en Israel -  - ,#ISRAEL #URGENTE iExplosión en una refinería de petróleo en #Irán,0,2025-06-13T07:36:18.000Z,0,False,False,11200,April 2012,False,,2025-11-19T13:14:06.172917,success
https://x.com/ChilenoenIsrael/status/1933428197213028823,,22,232,5356,2,,,,ChayasClan,Chaya’s Clan,Chaya’s Clan,Explosion at an oil refinery in Iran… oops ,16,2025-06-13T08:08:21.000Z,0,False,False,203700,August 2023,False,,2025-11-19T13:14:21.558480,success
https://x.com/ChayasClan/status/1933436265375866953,,288,1188,55400,32,,,,ShaykhSulaiman,Sulaiman Ahmed,Sulaiman Ahmed,BREAKING: ANOTHER EXPLOSION AT AN OIL REFINERY IN IRAN,33,2025-06-13T10:09:04.000Z,0,False,False,757800,March 2013,False,,2025-11-19T13:14:35.783435,success
https://x.com/ShaykhSulaiman/status/1933466643134283876,,4662,17550,1100000,892,,,,MonitorX99800,Monitor𝕏,Monitor𝕏,"#BREAKING CHINESE cargo plane, with full protection escort, bringing food aid to 60,000 families in Gaza - entering through Egypt. 

They held their promise of aid, a moment of shame for all the arab and islamic countries.

Let that sink in...",700,2025-05-17T07:34:41.000Z,1,False,True,81500,March 2020,False,,2025-11-19T13:14:50.773261,success
https://x.com/MonitorX99800/status/1923643318224761254,,0,10,1924,0,,,,ChenJoinhy,陈良军Jeff.Chen,陈良军Jeff.Chen,"中国人道援助加沙的机队，是不是特别霸气，能装好多物资的样子。
请巴勒斯坦人民挺住，乌克兰一旦停火，无论美国还想玩什么把戏，联合国一定会推动巴勒斯坦独立建国。
#gaza #Palestine #China",5,2025-05-15T16:03:10.000Z,1,False,True,1279,February 2023,False,,2025-11-19T13:15:07.415565,success
https://x.com/ChenJoinhy/status/1923046509303496850,,4,19,2487,1,,,,Hunter31032008,机动长道 grok版,机动长道 grok版,"中国兑现承诺向加沙六万户居民提供粮食 
，中国运输机经埃及飞往加沙。",3,2025-05-17T00:47:52.000Z,1,False,True,2056,February 2022,False,,2025-11-19T13:15:22.382443,success
https://x.com/Hunter31032008/status/1923540938674119156,,261,1130,10400,14,,,,TheSaviour,The Saviour,The Saviour, Palestinian flags are being waved at Pope Francis' funeral,22,2025-04-26T13:03:04.000Z,1,False,True,430900,November 2022,False,,2025-11-19T13:15:36.801247,success
https://x.com/TheSaviour/status/1916115814861754430,,2046,23927,911900,631,,,,VerminusM,Uri Kurlianchik,Uri Kurlianchik,"Palestinian flags at the funeral of the pope today, because God forbid anything won't be about them for five seconds.",901,2025-04-26T12:57:15.000Z,1,False,True,66600,February 2022,False,,2025-11-19T13:15:51.802996,success
https://x.com/VerminusM/status/1916114351485845625,,2490,20714,197200,195,,,,vampl0vrrr,vampira,vampira,palestine flags being waved at pope francis’ funeral ,2,2025-04-26T16:17:41.000Z,0,False,False,15600,January 2019,False,,2025-11-19T13:16:06.425329,success
https://x.com/vampl0vrrr/status/1916164789807481027,,55,133,9165,8,,,,PalestineChron,The Palestine Chronicle,The Palestine Chronicle,"Amid the mourning at Pope Francis’ funeral in St. Peter’s Square, several Palestinian flags were raised in a powerful gesture of solidarity.",6,2025-04-26T13:07:32.000Z,1,False,True,61000,November 2012,False,,2025-11-19T13:16:31.487826,success
https://x.com/PalestineChron/status/1916116938872295847,,109,1696,27400,10,,,,MidiaNINJA,Mídia NINJA,Mídia NINJA,Diversas bandeiras da Palestina  foram hasteadas durante a cerimônia de sepultamento do Papa Francisco na Praça São Pedro.,13,2025-04-26T13:45:07.000Z,0,False,False,1000000,June 2013,False,,2025-11-19T13:16:48.717078,success
https://x.com/MidiaNINJA/status/1916126395224494583,,0,0,24,0,,,,TheObserver099,The Observer,The Observer,The Dutch celebrate after teaching the Israelis a lesson they will never forget.,0,2024-11-09T14:05:51.000Z,1,False,True,607,March 2024,False,,2025-11-19T13:17:06.273284,success
https://x.com/TheObserver099/status/1855250453568606307,,11591,54686,820500,1396,,,,Palestine001_,Parwiz Hamidi _,Parwiz Hamidi _,The Dutch celebrate after teaching the Israelis a lesson they will never forget.,635,2024-11-09T06:01:02.000Z,1,False,True,43200,October 2023,False,,2025-11-19T13:17:22.194139,success
https://x.com/Palestine001_/status/1855128446747168774,,4,3,323,0,,,,newbondjames,Karishma Kaur,Karishma Kaur,"BREAKING NEWS

 Hezbollah has officially started striking the Israeli port of Haifa for the first time.

""Hezbollah"" said that, Step by step, we will destroy every part of Israel with rockets",1,2024-06-13T17:29:59.000Z,1,False,True,2888,January 2022,False,,2025-11-19T13:17:37.713761,success
https://x.com/newbondjames/status/1801306033627009340,,4,15,1059,2,,,,greenmoggy,☭ David Walker ☭,☭ David Walker ☭,"Lebanese defenders hit the port of Haifa. I assume, hoping to limit imperial delivery of materiel, reduce the occupation's economic power, & continue to prove the occupation in not invincible. The internationally lawful military resistance continues. ",0,2024-11-11T22:31:22.000Z,1,False,True,742,January 2011,False,,2025-11-19T13:17:53.113532,success
https://x.com/greenmoggy/status/1856102445430042982,,0,0,97,0,,,,AnsaQueen01,Ansa Queen,Ansa Queen,"BREAKING:
 Hezbollah has officially started striking the Israeli port of Haifa for the first time.",1,2024-09-14T07:46:06.000Z,1,False,True,3258,August 2024,False,,2025-11-19T13:18:07.965615,success
https://x.com/AnsaQueen01/status/1834861163084963856,,2136,10746,138800,188,,,,SilentlySirs,SilencedSirs,SilencedSirs,"BREAKING:

 Hezbollah has officially started striking the Israeli port of Haifa for the first time.",190,2024-11-11T20:19:06.000Z,1,False,True,128199,October 2023,False,,2025-11-19T13:18:23.737421,success
https://x.com/SilentlySirs/status/1856069160410984877,,0,8,1880,0,,,,TNK1188150,QueeN StaR News,QueeN StaR News,ฝูงบินขับไล่ของ #อิสราเอล กำลังเดินทางกลับจาก#อิหร่าน หลังจากทำลายระบบป้องกันภัยทางอากาศและฐานทัพหลายแห่ง,0,2024-10-27T01:03:46.000Z,1,False,True,710,August 2024,False,,2025-11-19T13:18:39.747887,success
https://x.com/TNK1188150/status/1850342590862037233,,201,2247,837100,247,,,,EdyCohen,إيدي كوهين אדי כהן ,إيدي كوهين אדי כהן ,"حصريا على منصة كوهين
طائراتنا بعد عودتهم إلى البلاد فجر أمس بعد ما قصفوا رقبة ملالي طهران.",2296,2024-10-26T19:58:38.000Z,1,False,True,943200,October 2012,False,,2025-11-19T13:18:55.933617,success
https://x.com/EdyCohen/status/1850265803062427765,,,,,,,,,dediapmin,Indonesian  Israel,Indonesian  Israel,,,,0,False,False,2122,July 2011,False,,2025-11-19T13:19:12.744307,success
https://x.com/dediapmin/status/1850215842392502298,,897,6024,859500,347,,,,DavidM_Friedman,David M Friedman,David M Friedman,Israel fighter jet squadrons all returning home from Iran after destroying its air defense systems and several military installations. Kol Hakavod!,791,2024-10-26T16:33:21.000Z,1,False,True,85000,January 2021,False,,2025-11-19T13:19:43.117502,success
https://x.com/DavidM_Friedman/status/1850214140977008660,,103,384,25400,15,,,,SoftWarNews,SW News - SOFT WAR NEWS,SW News - SOFT WAR NEWS,"VIDEO momen operasi (Truk) seruduk terhadap puluhan pasukan Israel di dekat markas besar Mossad 8200, Gliot, Tel Aviv",20,2024-10-27T22:10:24.000Z,1,False,True,122700,December 2013,False,,2025-11-19T13:19:58.376877,success
https://x.com/SoftWarNews/status/1850661351880118390,,0,2,506,1,,,,Eka_Dutajaladri,EKA,EKA,Operasi heroik pejuang Hamas dengan mengemudikan truck kencang ditabrakkan ke sekumpulan tentara Zionis Israel yang sedang berbaris menunggu naik bus dan tentara Zionis Israel lainnya yang sedang berbaris kocak kacir lari ketakutan,1,2024-10-27T13:47:51.000Z,1,False,True,14800,February 2010,False,,2025-11-19T13:20:15.025351,success
https://x.com/Eka_Dutajaladri/status/1850534880771494218,,596,2530,169700,52,,,,yo2thok,Z Operation,Z Operation," Detik-detik serangan ""Truk Kamikaze"" di depan markas Mossad dan Unit 8200 di utara Tel Aviv.

Dalam serangan tersebut setidaknya lima tentara tewas, dan 50 lainnya luka-luka, dengan setidaknya 10 orang dalam kondisi kritis.",50,2024-10-27T14:22:44.000Z,1,False,True,65800,February 2012,False,,2025-11-19T13:20:28.632248,success
https://x.com/yo2thok/status/1850543658644459700,,2,7,82,0,,,,AppySanchaniya,धरती पुत्र,धरती पुत्र,"सऊदी अरब का एक शेख नेतन्याहू को शिया हिजबुल्ला आतंकियों के सफाए के लिए दुवाएं दे रहा है।
भारत के नकली मुसलमान इजरायल के खिलाफ नारे लगाए जा रहे हैं।",0,2024-10-21T12:45:39.000Z,1,False,True,3815,October 2021,False,,2025-11-19T13:20:43.742437,success
https://x.com/AppySanchaniya/status/1848344899264852479,,3576,14725,819200,879,,,,DilipKu24388061,Dilip Kumar Singh,Dilip Kumar Singh,"लिल्लाह

इजराइल ने एक आतंकवादी की लाश में टाइम बम्ब रख कर वापिस फिलस्तीनयों को दे दी, रिजल्ट आप के सामने है।।

बहुत ही जोरदार काम किया इजरायल ने,,,
एक के बदले 20 फ्री में भेज दिया अल्लाह को ",831,2024-08-28T16:05:58.000Z,1,False,True,13700,June 2019,False,,2025-11-19T13:20:58.356273,success
https://x.com/DilipKu24388061/status/1828826367720661495,,3398,14199,735800,223,,,,DhruvRathenx,Dhruv Rathee Satire,Dhruv Rathee Satire,"ईरान ने 30 इजरायली F-35 लड़ाकू विमानों को सफलतापूर्वक नष्ट कर दिया है।

इन जेट विमानों का इस्तेमाल 40,000 बच्चों के नरसंहार के लिए किया गया था।",976,2024-10-02T07:43:10.000Z,1,False,True,110800,October 2020,False,,2025-11-19T13:21:12.815015,success
https://x.com/DhruvRathenx/status/1841383408749912532,,0,1,59,0,,,,ArjunPa28728187,Arjun Pandit,Arjun Pandit,"ईरान ने 30 इजरायली F-35 लड़ाकू विमानों को सफलतापूर्वक नष्ट कर दिया है।

इन जेट विमानों का इस्तेमाल 40,000 बच्चों के नरसंहार के लिए किया गया था।",0,2024-10-02T20:27:52.000Z,1,False,True,264,December 2021,False,,2025-11-19T13:21:28.605490,success
https://x.com/ArjunPa28728187/status/1841575850958885148,,8075,41253,2700000,1899,,,,jacksonhinklle,Jackson Hinkle ,Jackson Hinkle , HAHAHA THIS GENOCIDAL BITCH IS RUNNING TO HIS BUNKER! GOD BLESS IRAN!,2576,2024-10-01T20:54:52.000Z,1,False,True,3600000,July 2019,False,,2025-11-19T13:21:43.992776,success
https://x.com/jacksonhinklle/status/1841220257806967135,,39,124,11500,4,,,,omg3lolz,omg3lolz,omg3lolz,"Τρέχει για τα καταφύγια ο εγκληματίας πολέμου Νετανιάχου. 
#Ιραν #Ισραήλ",21,2024-10-01T22:00:11.000Z,1,False,True,4602,July 2009,False,,2025-11-19T13:21:58.462275,success
https://x.com/omg3lolz/status/1841236697075351963,,,,,,,,,globalgazes,globle gaze,globle gaze,,,,0,False,False,223,January 2023,False,,2025-11-19T13:22:13.518152,success
https://x.com/globalgazes/status/1840998025503850927,,0,0,322,0,,,,MaldivesShifan,Don’t miss what’s happening,Don’t miss what’s happening,"BREAKING: US military base comes under attack in Baghdad
#breaking #breakingnews #NewsUpdate #ww3 #WorldWar3 #MiddleEastTensions",0,2024-10-01T02:45:17.000Z,0,False,False,,,False,,2025-11-19T13:22:44.098000,success
https://x.com/MaldivesShifan/status/1840946056135413931,,2233,15006,803900,300,,,,IRIran_Military,Iran Military Monitor,Iran Military Monitor,Breaking:  The American terroists' base near Baghdad International Airport has been attacked.,300,2024-09-30T21:59:40.000Z,0,False,False,1600000,June 2024,False,,2025-11-19T13:23:00.067887,success
https://x.com/IRIran_Military/status/1840874176271262136,,968,4257,1200000,145,,,,Meyer_Habib,Meyer Habib,Meyer Habib,"Biper islamiste  avec batterie israélienne! 
Le meilleur des laxatifs !!",1737,2024-09-18T20:24:57.000Z,0,False,False,58400,September 2013,False,,2025-11-19T13:23:15.460747,success
https://x.com/Meyer_Habib/status/1836501685637713974,,26,434,22100,9,,,,orfialkov,Don’t miss what’s happening,Don’t miss what’s happening,איש חיזבאללה התפוצץ בזמן שהיה בשירותים ,37,2024-09-18T16:13:44.000Z,0,False,False,,,False,,2025-11-19T13:23:29.660401,success
https://x.com/orfialkov/status/1836438464935403660,,4,9,417,0,,,,ArleteCaetana,Arlete Caetana,Arlete Caetana," A #Hezbollah man exploded while in the bathroom 


 #Lebanon : Monday for the attack.",4,2024-09-19T13:36:29.000Z,0,False,False,79700,March 2022,False,,2025-11-19T13:23:45.104876,success
https://x.com/ArleteCaetana/status/1836761281518338181,,74,705,109700,19,,,,NiKiTa_32156,NiKITa,NiKITa,"黎巴嫩衛生部報告無線電爆炸造成300人受傷 ，另有九人死亡

真主黨份子在黎巴嫩各地繼續爆炸，

記者看到武裝分子瘋狂地從所有收音機中取出電池並將其扔進垃圾桶，馬桶。",52,2024-09-18T16:26:41.000Z,0,False,False,141200,April 2019,False,,2025-11-19T13:24:00.925560,success
https://x.com/NiKiTa_32156/status/1836441726250287309,,12965,49091,2300000,1050,,,,CensoredMen,Censored Men,Censored Men, Wanting to stop the slaughter of innocent civilians is anti-semitic,2792,2023-12-31T22:10:11.000Z,0,False,False,1000000,December 2022,False,,2025-11-19T13:24:16.343369,success
https://x.com/CensoredMen/status/1741582549518848037,,487,639,1900000,77,,,,plasticpills,PlasticPills,PlasticPills,,64,2023-10-24T13:08:21.000Z,0,False,False,6037,October 2010,False,,2025-11-19T13:24:31.853940,success
https://x.com/plasticpills/status/1716803816551506155,,44,151,6494,4,,,,AlternatNews,Alternative News,Alternative News,"Israel may have access to a lot of money in the US. Huge advertisements outside a building. 

But all the money in the world cannot convince me that ceasefires are antisemitic.",18,2024-01-01T09:50:18.000Z,0,False,False,140100,January 2017,False,,2025-11-19T13:25:03.780292,success
https://x.com/AlternatNews/status/1741758738929779039,,146,280,12700,16,,,,sabra_the,Shiri_Sabra,Shiri_Sabra,"WATCH

An antisemite is cursing the Jewish people & says all the bad things will happen to the Jewish people. 

Then he says, ""If I’m lying to you let the floor beneath me sink.""
And, watch what happens. Gd Almighty answered him  instantly

All those who curse Israel gets cursed",64,2023-12-21T07:42:18.000Z,1,False,True,25400,August 2020,False,,2025-11-19T13:25:19.589757,success
https://x.com/sabra_the/status/1737740258832507079,,,,,,,,,Shnadine7777,Nadin Nabil Al Shaker,Nadin Nabil Al Shaker,,,,0,False,False,2661,October 2008,False,,2025-11-19T13:25:33.678209,success
https://x.com/Shnadine7777/status/1739856482257023331,,2079,1697,81400,26,,,,angelpakaigucci,Inche gabbana,Inche gabbana,Ya Allah… This truly breaks my heart! ,4,2023-12-25T13:49:14.000Z,0,False,False,117200,September 2011,False,,2025-11-19T13:26:02.639315,success
https://x.com/angelpakaigucci/status/1739282153752678696,,5,27,1039,2,,,,danielmkovalik,Dan Kovalik,Dan Kovalik,,0,2023-12-26T12:49:11.000Z,0,False,False,50500,February 2012,False,,2025-11-19T13:26:19.706306,success
https://x.com/danielmkovalik/status/1739629429087764926,,11585,27284,1400000,1632,,,,MyLordBebo,Lord Bebo,Lord Bebo," “Why don’t you let the people pick olives?”

— SA Ambassador to Israel",527,2023-12-10T11:15:36.000Z,1,False,True,716300,April 2019,False,,2025-11-19T13:26:35.547878,success
https://x.com/MyLordBebo/status/1733807674184040914,,89,172,46600,15,,,,RRespawned,Rat Bastard,Rat Bastard,"Apparently 
— SA Ambassador to Israel. Trying to create an incident Not sure why they still have one if Israel was kicked out of SA",204,2023-12-10T16:07:13.000Z,1,False,True,3583,October 2020,False,,2025-11-19T13:26:52.802204,success
https://x.com/RRespawned/status/1733881061019467819,,15,41,9958,4,,,,atul6622,ATUL AWASTHI,ATUL AWASTHI,"#Yemen bombed the #Israeli cargo ship ""Unity Explorer"" American military ships and other Western bases came to Djibouti trying to rescue the #Israeli cargo ship Unity Explorer, which has now sunk in the #RedSea 
#Gaza_War #IsraelPalestineWar #Israeli #Hamas #Palestine #Gaza",3,2023-12-04T02:35:46.000Z,1,False,True,198,April 2010,False,,2025-11-19T13:27:07.661518,success
https://x.com/atul6622/status/1731502525805654518,,219,659,25500,2,,,,mahran_yemen,د. مهران السودي  اليمن,د. مهران السودي  اليمن,"سفن عسكرية أمريكية وأخرى من قواعد غربية في جيبوتي تحاول إنقاذ سفينة الشحن الإسرائيلية Unity Explorer التي تغرق الآن في البحر الأحمر بعد قصفها من اليمن.
#غزة_الآن #يحدث_الآن #با #فلسطين_الان",20,2023-12-03T20:39:20.000Z,1,False,True,54000,December 2021,False,,2025-11-19T13:27:23.838798,success
https://x.com/mahran_yemen/status/1731412825862516772,,4026,8525,324300,77,,,,SoftWarNews,SW News - SOFT WAR NEWS,SW News - SOFT WAR NEWS,"Ansarullah Yaman membom kapal kargo Israel ""Unity Explorer"" Kapal militer Amerika yang mencoba menyelamatkan kapal kargo Israel Unity Explorer, yang kini tenggelam di Laut Merah.",192,2023-12-04T03:33:45.000Z,1,False,True,122700,December 2013,False,,2025-11-19T13:27:40.630144,success
https://x.com/SoftWarNews/status/1731517118573920590,,53,62,5302,1,,,,wenbei2022,文北,文北,"（左）黎巴嫩  准军事组织真主党针对美国和以色列海军在东地中海部署军舰，展示了其努尔反舰导弹。‌‌
（右）以色列国防军攻击了真主党弹药库‌‌…

不知是不是就是左边视频里展示的",2,2023-11-09T02:10:12.000Z,1,False,True,47700,March 2020,False,,2025-11-19T13:27:55.632927,success
https://x.com/wenbei2022/status/1722436396256985191,,59,331,117800,8,,,,__Inty__,Inty News,Inty News,美国军舰抵达地中海后，黎巴嫩真主党公布了一段展示其反舰导弹的视频。,93,2023-11-06T17:32:02.000Z,1,False,True,729900,August 2018,False,,2025-11-19T13:28:10.474037,success
https://x.com/__Inty__/status/1721581219392147784,,66,277,6531,2,,,,TheSaviour,The Saviour,The Saviour,#BoycottMcDonalds ,18,2024-01-21T21:12:39.000Z,0,False,False,430900,November 2022,False,,2025-11-19T13:28:25.747220,success
https://x.com/TheSaviour/status/1749178215904444735,,247,976,14200,15,,,,AdameMedia,ADAM,ADAM,This is beautiful.,64,2024-01-19T22:36:17.000Z,0,False,False,454000,May 2021,False,,2025-11-19T13:28:42.163864,success
https://x.com/AdameMedia/status/1748474488948146227,,,,,,,,,,,,,,,,,,,,,,,
