Post Link,Comments,Retweets,Likes,Views,Bookmarks,Account Followers,Flagged,Video
https://x.com/jacksonhinklle/status/1714660808821538841,,,,,,,,
https://x.com/jacksonhinklle/status/1722632953745002776,,,,,,,,
https://x.com/ShadowofEzra/status/1722849062557294954,,,,,,,,
https://x.com/Partisangirl/status/1722527493780021654,,,,,,,,
https://x.com/swilkinsonbc/status/1722581845638885624,,,,,,,,
https://x.com/dom_lucre/status/1716548851706823133,,,,,,,,
https://x.com/dom_lucre/status/1711962441259594042,,,,,,,,
https://x.com/ShaykhSulaiman/status/1711958497141612801,,,,,,,,
https://x.com/DrLoupis/status/1712906693384736777,,,,,,,,
https://x.com/dom_lucre/status/1713641810667442388,,,,,,,,
https://x.com/ShaykhSulaiman/status/1725446177813110837,,,,,,,,
https://x.com/ShaykhSulaiman/status/1714919311729414308,,,,,,,,
https://x.com/DrLoupis/status/1714920741328580852,,,,,,,,
https://x.com/YosephHaddad/status/1718859336716353701,,,,,,,,
https://x.com/YosephHaddad/status/1723794158379249787,,,,,,,,
https://x.com/ShadowofEzra/status/1711803620503539940,,,,,,,,
https://twitter.com/YosephHaddad/status/1712920308267491393,,,,,,,,
https://twitter.com/YosephHaddad/status/1723794158379249787,,,,,,,,
7 https://twitter.com/YosephHaddad/status/1718859336716353701,,,,,,,,
https://twitter.com/ShadowofEzra/status/1710678453920415891?s=20,,,,,,,,
https://x.com/HananyaNaftali/status/1724806006767812772,,,,,,,,
https://x.com/ofirgendelman/status/1724798142728831242,,,,,,,,
https://x.com/emilykschrader/status/1724790025496522910,,,,,,,,
https://x.com/kann_news/status/1724786259464499253,,,,,,,,
https://x.com/L_ThinkTank/status/1724808309545562160,,,,,,,,
https://x.com/HananyaNaftali/status/1717602451769967043,,,,,,,,
https://x.com/HananyaNaftali/status/1718526837171896527,,,,,,,,
https://x.com/DrLoupis/status/1713948122466959844,,,,,,,,
https://x.com/Partisangirl/status/1719466582332887051,,,,,,,,
https://x.com/swilkinsonbc/status/1719419462808453199,,,,,,,,
https://x.com/swilkinsonbc/status/1716731456158842908,,,,,,,,
https://x.com/jacksonhinklle/status/1723775743216193943,,,,,,,,
https://x.com/ahmedhijazee/status/1723777368748077172,,,,,,,,
https://x.com/haseebfud/status/1978107195725111410,,,,,,,,
https://x.com/Palestinedaily1/status/1979279878143852697,,,,,,,,
https://x.com/HashTayeh/status/1978980015246315704,,,,,,,,
https://x.com/qtf/status/1979261416721838543,,,,,,,,
https://x.com/Alyi12341/status/1979224854147616789,,,,,,,,
https://x.com/MuhammaddNawaz/status/1968743109392502916,,,,,,,,
https://x.com/sohbunshu/status/1971442444937069035,,,,,,,,
https://x.com/yanwenfa/status/1971552724828500179,,,,,,,,
https://x.com/Snofy8/status/1971476434939257080,,,,,,,,
https://x.com/HunterYu126194/status/1970390219099983886,,,,,,,,
https://x.com/yayamankhn35796/status/1963835297466036525,,,,,,,,
https://x.com/DailyIranNews/status/1963819526069289126,,,,,,,,
https://x.com/ararsoabdull/status/1973507273139036300,,,,,,,,
https://x.com/luizmarinhopt/status/1973054903607071036,,,,,,,,
https://x.com/dany_dubd/status/1966989805608464652,,,,,,,,
x.com/mynewshub/status/1949171630263116157,,,,,,,,
https://x.com/jpsin1/status/1945141257346617699,,,,,,,,
https://x.com/jpsin1/status/1945141338217062624,,,,,,,,
https://x.com/jpsin1/status/1933596017699766590,,,,,,,,
https://x.com/ChilenoenIsrael/status/1933428197213028823,,,,,,,,
https://x.com/ChayasClan/status/1933436265375866953,,,,,,,,
https://x.com/ShaykhSulaiman/status/1933466643134283876,,,,,,,,
https://x.com/MonitorX99800/status/1923643318224761254,,,,,,,,
https://x.com/ChenJoinhy/status/1923046509303496850,,,,,,,,
https://x.com/Hunter31032008/status/1923540938674119156,,,,,,,,
https://x.com/TheSaviour/status/1916115814861754430,,,,,,,,
https://x.com/VerminusM/status/1916114351485845625,,,,,,,,
https://x.com/vampl0vrrr/status/1916164789807481027,,,,,,,,
https://x.com/PalestineChron/status/1916116938872295847,,,,,,,,
https://x.com/MidiaNINJA/status/1916126395224494583,,,,,,,,
https://x.com/TheObserver099/status/1855250453568606307,,,,,,,,
https://x.com/Palestine001_/status/1855128446747168774,,,,,,,,
https://x.com/newbondjames/status/1801306033627009340,,,,,,,,
https://x.com/greenmoggy/status/1856102445430042982,,,,,,,,
https://x.com/AnsaQueen01/status/1834861163084963856,,,,,,,,
https://x.com/SilentlySirs/status/1856069160410984877,,,,,,,,
https://x.com/TNK1188150/status/1850342590862037233,,,,,,,,
https://x.com/EdyCohen/status/1850265803062427765,,,,,,,,
https://x.com/dediapmin/status/1850215842392502298,,,,,,,,
https://x.com/DavidM_Friedman/status/1850214140977008660,,,,,,,,
https://x.com/SoftWarNews/status/1850661351880118390,,,,,,,,
https://x.com/Eka_Dutajaladri/status/1850534880771494218,,,,,,,,
https://x.com/yo2thok/status/1850543658644459700,,,,,,,,
https://x.com/AppySanchaniya/status/1848344899264852479,,,,,,,,
https://x.com/DilipKu24388061/status/1828826367720661495,,,,,,,,
https://x.com/DhruvRathenx/status/1841383408749912532,,,,,,,,
https://x.com/ArjunPa28728187/status/1841575850958885148,,,,,,,,
https://x.com/jacksonhinklle/status/1841220257806967135,,,,,,,,
https://x.com/omg3lolz/status/1841236697075351963,,,,,,,,
https://x.com/globalgazes/status/1840998025503850927,,,,,,,,
https://x.com/MaldivesShifan/status/1840946056135413931,,,,,,,,
https://x.com/IRIran_Military/status/1840874176271262136,,,,,,,,
https://x.com/Meyer_Habib/status/1836501685637713974,,,,,,,,
https://x.com/orfialkov/status/1836438464935403660,,,,,,,,
https://x.com/ArleteCaetana/status/1836761281518338181,,,,,,,,
https://x.com/NiKiTa_32156/status/1836441726250287309,,,,,,,,
https://x.com/CensoredMen/status/1741582549518848037,,,,,,,,
https://x.com/plasticpills/status/1716803816551506155,,,,,,,,
https://x.com/AlternatNews/status/1741758738929779039,,,,,,,,
https://x.com/sabra_the/status/1737740258832507079,,,,,,,,
https://x.com/Shnadine7777/status/1739856482257023331,,,,,,,,
https://x.com/angelpakaigucci/status/1739282153752678696,,,,,,,,
https://x.com/danielmkovalik/status/1739629429087764926,,,,,,,,
https://x.com/MyLordBebo/status/1733807674184040914,,,,,,,,
https://x.com/RRespawned/status/1733881061019467819,,,,,,,,
https://x.com/atul6622/status/1731502525805654518,,,,,,,,
https://x.com/mahran_yemen/status/1731412825862516772,,,,,,,,
https://x.com/SoftWarNews/status/1731517118573920590,,,,,,,,
https://x.com/wenbei2022/status/1722436396256985191,,,,,,,,
https://x.com/__Inty__/status/1721581219392147784,,,,,,,,
https://x.com/TheSaviour/status/1749178215904444735,,,,,,,,
https://x.com/AdameMedia/status/1748474488948146227,,,,,,,,